{
  "ee_mumu": {
    "feynlag": {
      "xsec": 2.7878,
      "err": 0.0027299
    },
    "stock_sm": {
      "xsec": 2.7878,
      "err": 0.0027299
    }
  },
  "ee_ww": {
    "feynlag": {
      "xsec": 19.498,
      "err": 0.057827
    },
    "stock_sm": {
      "xsec": 19.497,
      "err": 0.05778
    }
  }
}